;2020;2021;2022;2023;2024;2025;2026;2027;2028;2029;2030;2031;2032;2033;2034;2035;2036;2037;2038;2039;2040;2041;2042;2043;2044;2045;2046;2047;2048;2049;2050
AT.CRE (sqm);119360000;119692892,8;119707094;119489862,9;119108813,4;118614884,4;118045093,5;117425061,3;116771319,9;116093397,4;115395679,8;114679052,6;113942320,6;113183404,2;112400315,7;111591912,4;110758429,1;109901789,5;109025692,6;108135479;107237779;106339931,2;105449186,9;104571690,1;103711230,3;102867784,8;102035825,9;101202420,8;100345094,3;99429482,61;98406757,65
BE.CRE (sqm);200151851,9;200956296,3;201309455;201332459,5;201118843,2;200738842,3;200243367,1;199667636,4;199034472,9;198357263,2;197642581,9;196892476,7;196106418,4;195282915;194420785,3;193520101,5;192582787,8;191612892,7;190616511,7;189601384,4;188576147,8;187549256,1;186527565,4;185514575,1;184508340,1;183499041,1;182466224,1;181375692,2;180176075,2;178795048,3;177135226,5
BG.CRE (sqm);66870000;67145262,61;67379802,2;67575455,79;67734068,96;67857495,85;67947599,15;68006250,17;68035328,8;68036723,58;68012331,68;67964058,93;67893819,85;67803537,63;67695144,19;67570580,18;67431794,98;67280746,76;67119402,43;66949737,75;66773737,25;66593394,31;66410711,17;66227698,93;66046377,56;65868775,96;65696931,93;65532892,21;65378712,5;65236457,47;65108200,78
CY.CRE (sqm);7607306;7553691,955;7523210,414;7506630,083;7496968,45;7489158,53;7479739,611;7466567,086;7448549,565;7425408,334;7397461,922;7365431,378;7330271,739;7293026,946;7254706,577;7216186,584;7178135,655;7140965,039;7104796,366;7069463,283;7034526,177;6999317,995;6963009,694;6924701,325;6883534,937;6838833,113;6790260,418;6738007,204;6682997,42;6627122,595;6573496,55
CZ.CRE (sqm);182440785,8;183827335,8;185224423,5;186632129,1;188050533,3;189479717,4;190919763,2;192370753,4;193832771,1;195305900,2;196790225;198285830,8;199792803,1;201311228,4;202841193,7;204382786,8;205936096;207501210,3;209078219,5;210667214;212268284,8;213881523,7;215507023,3;217144876,7;218795177,8;220458021,1;222133502,1;223821716,7;225522761,7;227236734,7;228963733,9
DK.CRE (sqm);107569000;107264154,1;106661935,4;105848196,9;104889533,9;103836194,7;102724775;101580692,5;100420439,8;99253620,92;98084765,43;96914928,93;95743063,41;94567182,21;93385293,58;92196121,35;90999603,56;89797175,07;88591825,04;87387941,47;86190931,28;85006624,27;83840455,81;82696432,1;81575871,7;80475935,87;79387929,53;78295389,82;77171955,29;75979010,09;74663113,9
EE.CRE (sqm);15528887,71;15619172,26;15677564,12;15711378,98;15726440,68;15727303,25;15717447,94;15699472,35;15675257,12;15646117,53;15612941,86;15576304,04;15536574,41;15493996,78;15448764,23;15401068,51;15351135,64;15299247;15245741,29;15191000,7;15135421,92;15079366,71;15023100,64;14966712,66;14910016,96;14852442,86;14792902,45;14729644,23;14660093,65;14580669,32;14486588,54
FI.CRE (sqm);110000000;109509999,9;108879999,9;108119999,9;107239999,9;106249999,9;105159999,9;103979999,9;102719999,9;101389999,9;100000000;98559999,88;97079999,87;95569999,88;94039999,87;92499999,88;90959999,88;89429999,88;87919999,88;86439999,88;85000000;83609999,88;82279999,87;81019999,88;79839999,87;78749999,88;77759999,87;76879999,88;76119999,88;75489999,87;75000000
FR.CRE (sqm);989868252;988548824,7;988372322,1;988676203,8;988977367,3;988943651,4;988367474,6;987141629;985237201,6;982683643,1;979550984,9;975934187,9;971939639,6;967673787,5;963233922;958701092,9;954135173,9;949572065,9;945023045,6;940476246,1;935900295,6;931250082;926474666,6;921527344,6;916377834,9;911026624,9;905521444,2;899975895,1;894590209,2;889674159,7;885672101,5
DE.CRE (sqm);1784524178;1786399742;1784514885;1779396019;1771536949;1764742255;1749410378;1735967506;1721433662;1706139687;1685470524;1674431541;1658516075;1642837776;1627564491;1612932266;1598741310;1585364113;1572737312;1560865807;1554923577;1539244942;1529342323;1519888481;1510725212;1497390191;1492474953;1482908714;1472674629;1461451561;1449968948
EL.CRE (sqm);137863790;137452519,5;136968520,7;136415404,7;135796799,2;135116348,8;134377714,8;133584575,4;132740625,6;131849577,3;130915159,2;129941117,1;128931213,7;127889228,8;126818959,1;125724218,6;124608838,3;123476666,3;122331567,9;121177425,7;120018139,6;118857626,6;117699821,1;116548674,9;115408157,3;114282254,7;113174971,3;112090328,6;111032365,7;110005139,1;109012723,1
HU.CRE (sqm);99880000;98218898,46;97111927,38;96352524,22;95784272,57;95293355,71;94801551,63;94259774,79;93642159,01;92940690,5;92160379,49;91314979,61;90423252,76;89505774,32;88582287,76;87669600,69;86780026,23;85920369,31;85091456,92;84288213,12;83500278,59;82713175,97;81910016,15;81073753,42;80189982,06;79250279,73;78256092,39;77223168;76186530,17;75205999,65;74372259,32
IE.CRE (sqm);71281986,56;71226143,43;71189787,84;71150901,08;71093626,08;71007310,83;70885622,91;70725734,05;70527571,62;70293136,12;70025894,59;69730237,56;69411004,52;69073082;68721068,52;68359007,97;67990190,79;67617026,82;67240985,89;66862606,1;66481572,18;66096863,25;65706967,38;65310165,5;64904886,26;64490129,41;64065953,55;63634038,96;63198316,49;62765661,62;62346666,91
IT.CRE (sqm);450269135;455623929,1;460739786,5;465627426,6;470297619;474761182,9;479028987,7;483111953,1;487021049;490767295,5;494361763,5;497815574,2;501139899,5;504345962,2;507445035,9;510448445,1;513367565,7;516213824,2;518998699;521733719,4;524430466,5;527100572,8;529755722,5;532407651,7;535068148,3;537749052,1;540462255,2;543219701,8;546033388,2;548915363,5;551877728,9
LV.CRE (sqm);20233333,33;20411380,49;20547196,96;20650671,83;20729613,61;20790055,97;20836542,3;20872384,8;20899903,34;20920641,07;20935556,69;20945195,21;20949834,08;20949609,08;20944615,69;20934988,37;20920958,84;20902886,55;20881274,38;20856753,4;20830052,38;20801938,18;20773137,79;20744236,11;20715552,26;20686989,86;20657869,46;20626734,4;20591135,28;20547393,72;20490339,75
LT.CRE (sqm);31150000;30966754,08;30861532,84;30800590,59;30758713;30717915,78;30666238,35;30596632,29;30505941,49;30393977,85;30262688,22;30115417,48;29956263,56;29789526,88;29619253,44;29448871,34;29280920,9;29116878,92;28957075,13;28800704,61;28645931,92;28490089,54;28329970,11;28162212,9;27983781,46;27792538,46;27587911,74;27371653,87;27148697,26;26928101,81;26724094,7
LU.CRE (sqm);17127819,55;17261293,76;17267269,88;17188225,53;17056461,15;16895666,95;16722374,03;16547288,49;16376500,29;16212586,58;16055586,71;15903866,4;15754857,81;15605690,85;15453694,19;15296793,68;15133780,44;14964465,04;14789718,98;14611390,77;14432110,35;14254973,43;14083102,61;13919104,04;13764393,6;13618411,35;13477719,02;13334973,23;13177790,17;12987485,91;12737704,08
MT.CRE (sqm);4000000;4014710,522;4022589,882;4025463,836;4024714,322;4021347,47;4016063,714;4009318,09;4001372,823;3992351,314;3982278,802;3971121,634;3958819,512;3945314,943;3930571,467;3914591,189;3897424,589;3879176,138;3860002,188;3840102,562;3819712,843;3799081,232;3778450,322;3758021,34;3737925,396;3718180,722;3698644,285;3678964,816;3658519,707;3636358,218;3611127,159
NL.CRE (sqm);403000000;406519873,4;409937721,5;413253544,3;416467341,8;419579113,9;422588860,8;425496582,3;428302278,5;431005949,4;433607594,9;436107215,2;438504810,1;440800379,7;442993924,1;445085443;447074936,7;448962405,1;450747848,1;452431265,8;454012658,2;455492025,3;456869367,1;458144683,5;459317974,7;460389240,5;461358481;462225696,2;462990886,1;463654050,6;464215189,9
PL.CRE (sqm);383690000;384104569,4;383627814,7;382506458;380930472,9;379041874,2;376942835;374703134,9;372366932,9;369958871,7;367489507,5;364960068,6;362366542,6;359703092,3;356964796,4;354149722,8;351260327,1;348304179,6;345294021,1;342247146,2;339184114,4;336126790,8;333095711,9;330106784,1;327167304,7;324271316,1;321394284,6;318487108,2;315469454,2;312222422,6;308580537,1
PT.CRE (sqm);105140000;104734698,4;104043399,9;103149925;102119234,8;101000300,4;99828754,77;98629326,09;97418052,79;96204278,71;94992429,55;93783572,99;92576756,4;91370127;90161837,36;88950723,23;87736773,89;86521372,36;85307327,04;84098677,33;82900282,94;81717196,11;80553812,14;79412804,7;78293838,16;77192063,57;76096396,98;74987576,66;73836002,72;72599358,51;71220010,88
RO.CRE (sqm);83850000;85016642,35;85966772,31;86750973,68;87409640,23;87974360,86;88469222,61;88912011,03;89315329,15;89687617,04;90034077,78;90357518,69;90659090,81;90938944,48;91196787,23;91432351,22;91645765,43;91837843,23;92010268,86;92165694,38;92307747,05;92440942,28;92570502,84;92702087,78;92841429,24;92993874,06;93163836,6;93354157,87;93565369,43;93794870,16;94036007,74
SK.CRE (sqm);56321349;56198237,4;56142514,11;56111988,38;56076416,53;56015547,86;55917318,01;55776194,85;55591674,77;55366926,36;55107588,23;54820715,17;54513874,2;54194392,16;53868753,93;53542147,91;53218167,11;52898654,24;52583703,94;52271809,34;51960161,7;51645101,72;51322718,12;50989597,83;50643728,95;50285548,4;49919146,34;49553616,36;49204557,37;48895727,42;48660844,5
SI.CRE (sqm);27680000;27797014,51;27869339,95;27904635,35;27909437,29;27889295,19;27848899,11;27792201,5;27722515,52;27642615,89;27554821,21;27461062,81;27362949,97;27261815,32;27158756,7;27054666,62;26950240,93;26845992,27;26742236,59;26639082,08;26536395,95;26433767,61;26330455,73;26225328,07;26116785,19;26002678,16;25880215,06;25745845,45;25595154,64;25422723,53;25221992,18
ES.CRE (sqm);354950000;357449560,5;359157112,7;360274634;360959391,2;361330793,8;361476718,9;361459304,1;361320210,6;361085356,8;360769122,2;360378019,7;359913837,3;359376254,6;358764921,5;358081011,6;357328246,9;356513387;355646193,8;354738860,1;353804915,4;352857594,7;351907681,3;350960818;350014287,2;349053264,7;348046537,8;346941697,5;345659800;344089496,4;342080631,6
SE.CRE (sqm);176000000;175467233,4;175126469,9;174862966,2;174593738,7;174262519,5;173835083,3;173294945,7;172639434,3;171876132,4;171019693,5;170089027,8;169104860,9;168087664,5;167055960,4;166024993,1;165005777,2;164004517;163022395,8;162055738,4;161096544,7;160133399,6;159152746,1;158140540,3;157084271,1;155975353,3;154811897,9;153601845,3;152366479;151144306,6;149995311,7
UK.CRE (sqm);894720596,3;909672528,9;920039020,9;930523647,8;941127755,9;951852706,9;962699877,8;973670661,4;984766466,4;995988717,6;1007338856;1018818339;1030428640;1042171250;1054047678;1066059447;1078208101;1090495199;1102922319;1115491057;1128203026;1141059858;1154063206;1167214737;1180516142;1193969127;1207575420;1221336769;1235254940;1249331720;1263568917
HR.CRE (sqm);58722937;58641259,58;59028624,43;59416803,61;59804846,73;60191803,4;60576723,22;60958655,78;61336650,7;61709757,57;62077026;62437505,61;62790245,98;63134296,72;63468707,44;63792527,73;64104807,21;64404595,47;64690942,13;64962896,77;65219509;65459828,45;65682904,7;65887787,35;66073526,01;66239170,29;66383769,78;66506374,1;66606032,84;66681795,61;66732712
CH.CRE (sqm);236031300;236854480,8;237372254,9;237662863,4;237791139,6;237810010,3;237761921,4;237680174,9;237590177,7;237510600,1;237454458,7;237430103,8;237442119,1;237492145,1;237579601,5;237702337,6;237857187,5;238040439,4;238248219;238476793,3;238722771,6;238983241,1;239255796,1;239538496,3;239829725,9;240127976,3;240431539,3;240738107,7;241044296,9;241345080,2;241633129,5
NO.CRE (sqm);75888426,27;76321645,67;77146589,59;77911444,9;78671436,55;79368386,58;80007467,18;80593672,92;81131813,62;81626506,39;82082167,2;82503003,82;82893008,44;83255945,41;83731111,77;84187448,72;84627915,61;85055229,99;85471854,5;85879987,36;86281547,84;86678167,1;87071172,23;87461575,67;87946279,4;88430119,21;88913073,98;89394751,28;89874369,24;90350741,07;90822257,11
Europe.CRE (sqm);7271720934;7300470746;7319416938;7332829429;7341282189;7348599400;7345304415;7341980095;7335825663;7327365347;7312184146;7305487474;7292962867;7279907351;7266792939;7253871454;7241072419;7228875313;7217300657;7206414197;7201428640;7186696672;7177731305;7169191573;7160991715;7148545218;7144415990;7135513482;7125816614;7115024042;7103918353
AT.RESI (sqm);412368725,8;417036757;421642720,4;426187859,9;430673419,7;435100643,7;439470776;443785060,7;448044741,9;452251063,6;456405269,8;460508604,6;464562312;468567636,2;472525821,1;476438110,9;480305749,5;484129981;487912049,6;491653199,1;495354673,8;499017717,6;502643574,6;506233488,8;509788704,3;513310465,2;516800015,6;520258599,4;523687460,7;527087843,6;530460992,1
BE.RESI (sqm);415700000;418457818,8;421042342,6;423463845,4;425732648,6;427859120,9;429853678,5;431726784,9;433488951,8;435150738,2;436722751,3;438215645,8;439640125;441006940;442326890,1;443610823,1;444869635,3;446114271,2;447355724,2;448605036,4;449873298,5;451171650,4;452511280,7;453903427,4;455359377,5;456890467,2;458508082,4;460223658,2;462048679,5;463994680,6;466073245,9
BG.RESI (sqm);237833200;238635051,1;239372935,2;240046852,2;240656802,2;241202785,2;241684801,1;242102850;242456931,9;242747046,7;242973194,4;243135375,2;243233588,9;243267835,5;243238115,1;243144427,7;242986773,2;242765151,7;242479563,2;242130007,6;241716485;241238995,3;240697538,6;240092114,9;239422724,1;238689366,3;237892041,5;237030749,6;236105490,6;235116264,7;234063071,7
CY.RESI (sqm);35940000;36058239,69;36195186,99;36350193,72;36522608,65;36711777,51;36917042,96;37137744,6;37373218,93;37622799,4;37885816,35;38161597,04;38449465,64;38748743,19;39058747,63;39378793,79;39708193,38;40046254,95;40392283,94;40745582,65;41105450,22;41471182,63;41842072,72;42217410,14;42596481,38;42978569,74;43362955,35;43748915,13;44135722,82;44522648,93;44908960,78
CZ.RESI (sqm);372879461,8;375385178,1;377910501,5;380455598,9;383020638,7;385605790,8;388211226,6;390837118,9;393483642,3;396150972,7;398839287,7;401548766,3;404279589,4;407031939,2;409805999,6;412601956,2;415419996,3;418260308,6;421123083,7;424008513,8;426916792,9;429848116,7;432802682,4;435780689,4;438782338,4;441807832,1;444857375,1;447931173,7;451029436;454152372;457300193,6
DK.RESI (sqm);316300000;319723874,4;322794665,9;325532453,7;327957409,1;330089796,4;331949972,8;333558388,3;334935586,6;336102204,5;337078972,6;337886715,4;338546351,2;339078892,7;339505447;339847215,5;340125494,8;340361676;340577245,6;340793785,5;341032972,8;341316580,6;341666477,7;342104629;342653095,8;343334035,7;344169703;345182448,8;346394721,3;347829065,7;349508124,8
EE.RESI (sqm);48376000;48052666,67;47729333,33;47406000;47082666,67;46759333,33;46436000;46112666,67;45789333,33;45466000;45142666,67;44819333,33;44496000;44172666,67;43849333,33;43526000;43202666,67;42879333,33;42556000;42232666,67;41909333,33;41586000;41262666,67;40939333,33;40616000;40292666,67;39969333,33;39646000;39322666,67;38999333,33;38676000
FI.RESI (sqm);305000000;303406500;301631999,9;299685500;297576000;295312500;292904000;290359500;287688000;284898500;282000000;279001500;275912000;272740500;269496000;266187499,9;262824000;259414499,9;255968000;252493499,9;249000000;245496499,9;241992000;238495499,9;235016000;231562499,9;228144000;224769499,9;221448000;218188500;215000000
FR.RESI (sqm);2619000000;2626433476;2630845479;2632966856;2633420750;2632726446;2631316682;2629531879;2627654758;2625875725;2624340947;2623133128;2622286885;2621809911;2621663742;2621796449;2622136869;2622602303;2623106202;2623579329;2623954368;2624194778;2624281326;2624239014;2624139003;2624088998;2624285172;2624950627;2626414243;2629072215;2633411134
DE.RESI (sqm);3938871000;3976781250;4008281250;4032968750;4053468750;4071625962;4084281250;4096656250;4108281250;4119343750;4132136577;4141593750;4152656250;4163781250;4175281250;4188319164;4197718750;4208218750;4218156250;4227281250;4237097832;4242468750;4248093750;4252718750;4256406250;4260438482;4260406250;4261968750;4263218750;4265218750;4270609140
EL.RESI (sqm);351050000;346888409,7;343567420;341037208;339245928,2;338138221,9;337658304,6;337747943,1;338348585;339401571,3;340846859,3;342626854,4;344682791,3;346959205;349401694,7;351957989,1;354578904,2;357218556,1;359834467,6;362389165,2;364848688,3;367184719;369375433,1;371402732,6;373257462;374936427,5;376443355,2;377790487,8;378998265,6;380095751,9;381121910,6
HU.RESI (sqm);306650000;312550559,2;318396578,6;324189823,7;329932317,1;335626349,1;341274488,2;346879592,4;352444820,1;357973641,7;363469850,8;365541176,1;367521632,8;369417754,3;371236233,2;372983921,5;374667830,7;376295132,6;377873159,1;379409402,7;380911516,4;381944030,9;382954545,6;383951225,5;384942357,7;385936351,6;386941737,1;387967163,8;389021400;390113331,6;391251960,6
IE.RESI (sqm);172834405,8;175080043,7;177137993,8;179017707,6;180728680,1;182280450,6;183682602,1;184944761,5;186076599,9;187087832,7;187988219,4;188787564,1;189495715;190122565,1;190678052,1;191172158,1;191614910,3;192016380,7;192386686,1;192735988,8;193074495,9;193412459,8;193760178,3;194127994,6;194526297,6;194965521,5;195456146,3;196008697,9;196633748;197341914,3;198143860,3
IT.RESI (sqm);2546970000;2545840161;2546388624;2548528440;2552172256;2557232318;2563620467;2571248141;2580026373;2589865787;2600676605;2612368637;2624851288;2638033552;2651824013;2666130845;2680861810;2695924258;2711225125;2726670933;2742167790;2757621387;2772937000;2788019487;2802773287;2817102421;2830910491;2844100677;2856575738;2868238010;2878989408
LV.RESI (sqm);60700000;62066508,95;63301365,97;64409414,07;65395518,96;66264569,13;67021475,91;67671173,49;68218618,98;68668792,43;69026696,93;69297358,6;69485826,66;69597173,49;69636494,64;69608908,92;69519558,4;69373608,5;69176248,01;68932689,12;68648167,52;68327942,4;67977296,51;67601536,21;67205991,52;66796016,15;66376987,55;65954306,99;65533399,56;65119714,24;64718723,94
LT.RESI (sqm);91000000;92382586,45;93284807,72;93816667,16;94066484,34;94104061,91;93983620,55;93746486,43;93423550,65;93037483,11;92604714,49;92137178,53;91643816,51;91131840,13;90607767,29;90078207,49;89550417,23;89032616,74;88534067,88;88064914,38;87635785,23;87257156,41;86938484,7;86687091,88;86506819,12;86396439,63;86347838,44;86343948,55;86356452,32;86343245,02;86245664,55
LU.RESI (sqm);34000;34641;35328,00001;36057;36824,00001;37625,00001;38456;39313,00001;40192;41089,00001;42000;42921,00001;43848;44777;45704,00001;46625,00001;47536,00001;48433,00001;49312,00001;50169,00001;51000;51801,00001;52568,00001;53297,00001;53984,00001;54625;55216,00001;55753,00001;56232,00001;56649,00001;57000
MT.RESI (sqm);22272084;22163026,08;21991649,34;21820272,6;21508678,53;21306142,39;21072446,84;20932229,51;20854330,99;20823171,58;20901070,1;21072446,84;21306142,39;21633316,16;21991649,34;22303243,41;22723895,4;23113387,98;23378242,94;23736576,12;23892373,15;23970271,67;23892373,15;23689837,01;23456141,46;23066648,87;22630417,18;22147446,37;21851432,01;21680055,27;21820272,6
NL.RESI (sqm);900000000;907860759,5;915493670,9;922898734,2;930075949,4;937025316,5;943746835,4;950240506,3;956506329,1;962544303,8;968354430,4;973936708,9;979291139,2;984417721,5;989316455,7;993987341,8;998430379,7;1002645570;1006632911;1010392405;1013924051;1017227848;1020303797;1023151899;1025772152;1028164557;1030329114;1032265823;1033974684;1035455696;1036708861
PL.RESI (sqm);1242728873;1269188094;1293108471;1314583900;1333708715;1350577695;1365286057;1377929466;1388604027;1397406292;1404433260;1409782375;1413551529;1415839063;1416743767;1416364883;1414802102;1412155569;1408525881;1404014089;1398721700;1392750675;1386203434;1379182852;1371792263;1364135463;1356316706;1348440706;1340612642;1332938154;1325523346
PT.RESI (sqm);436260000;437178158,8;438939004,8;441091397,7;443292096,5;445290365;446913639,8;448054258,6;448657266,2;448709270,4;448228369,7;447255149,8;445844735,4;444059913,8;441965319,3;439622685,9;437087163,3;434404692;431610455,4;428728383,6;425771729,1;422744709,8;419645205,2;416468532,8;413212274,7;409882179,6;406499124;403107138,3;399782501,4;396643895,2;393863625,5
RO.RESI (sqm);493200000;497537576,4;501361165,6;504808743,5;507962982,4;510864996,3;513526660,4;515941522;518094307;519969010,9;521555584,2;522855200,3;523884120,5;524676149;525283668,1;525777276,1;526244004,9;526784134,6;527506589,3;528522933,4;529939952,7;531850816,1;534324847,8;537395871,2;541049144,9;545206902,4;549712460,9;554312938,9;558640551,5;562192498,9;564309446,2
SK.RESI (sqm);200300000;204822121,5;209682369,4;214649593,4;219538532,6;224204615,1;228539040;232464138;235929022,6;238905516,1;241384366,8;243371744;244886020,3;245954834,2;246612437,7;246897323,9;246850146,1;246511910,3;245922453,5;245119214,6;244136276;243003692,9;241747110;240387655,3;238942123,4;237423436,3;235841388,8;234203683;232517238;230789786,8;229031756,4
SI.RESI (sqm);63150000;63215486,61;63297147,6;63390053,81;63489931,11;63593125;63696560,1;63797693,34;63894480,69;63985329,37;64069061,41;64144872,09;64212285,23;64271117,86;64321436,52;64363514,63;64397794,07;64424843,55;64445319,09;64459919,38;64469348,28;64474271,19;64475278,64;64472838,5;64467261,64;64458657,21;64446893,18;64431552,63;64411898,43;64386827,48;64354830,15
ES.RESI (sqm);1752580000;1758876569;1767176890;1776691840;1786751121;1796795252;1806367573;1815106241;1822736229;1829061323;1833956125;1837358043;1839259300;1839698922;1838754745;1836535407;1833172350;1828811819;1823606855;1817709302;1811261798;1804389775;1797193462;1789739877;1782054829;1774114916;1765839523;1757082822;1747625764;1737168089;1725320312
SE.RESI (sqm);469043181,8;473744182;478182036,3;482369929,7;486321108,1;490048878,4;493566609,1;496887729,9;500025732,3;502994169,1;505806655,1;508476867,1;511018543,8;513445486,2;515771557,2;518010682,6;520176850,5;522284111,6;524346579,5;526378430,5;528393904,2;530407303,2;532432993,3;534485403,9;536579027,6;538728421;540948204,3;543253061,5;545657740,8;548177054,5;550825879
UK.RESI (sqm);2674143973;2687969219;2704541555;2720386835;2735874864;2750423946;2764864303;2779599106;2794043798;2807983708;2821479269;2835197473;2848848004;2862230501;2875176337;2887801881;2900636000;2913073365;2925166966;2936694856;2948472716;2960023692;2971344089;2982430270;2993278660;3003885746;3014248080;3024362279;3034225029;3043833085;3053183275
HR.RESI (sqm);150850401,8;152689015,8;154450450,6;156138945,2;157758738,9;159314070,8;160809180,1;162248306;163635687,7;164975564,3;166272175;167529759;168752555,5;169944803,7;171110742,7;172254611,6;173380649,8;174493096,4;175596190,5;176694171,3;177791278;178891749,8;179999825,9;181119745,4;182255747,5;183412071,4;184592956,2;185802641,3;187045365,6;188325368,5;189646889
CH.RESI (sqm);472949100;477644130;482339160;487034190;491729220;496424250;501119280;505814310;510509340;515204370;519899400;524594430;529289460;533984490;538679520;543374550;548069580;552764610;557459640;562154670;566849700;571544730;576239760;580934790;585629820;590324850;595019880;599714910;604409940;609104970;613800000
NO.RESI (sqm);323686151,9;327345673,5;330883881,1;334164366,9;337423992,3;340413230,5;343154265,1;345668517,9;347976618,4;350098369,5;352052711,5;353857691,5;355530432,2;357087079,1;359125080,9;361082322,8;362971497,6;364804261;366591175,1;368341668,4;370063972,5;371765083,6;373450693,6;375125144,9;377204052,8;379279255,3;381350661,8;383416589,2;385473684,1;387516856,1;389539201,6
Europe.RESI (sqm);21432670559;21575047733;21711005985;21836128030;21953125633;22062959634;22162967295;22258769679;22349242323;22434345396;22516572908;22588238866;22657461753;22722756579;22785034022;22845204819;22899081509;22950972885;22999494727;23044722752;23088987449;23126654387;23163041745;23197152438;23229739672;23261664290;23288702110;23316473047;23343208876;23369702626;23398467085
AT.Comb (sqm);531728725,8;536729649,8;541349814,4;545677722,8;549782233;553715528;557515869,6;561210122,1;564816061,8;568344461;571800949,6;575187657,1;578504632,6;581751040,4;584926136,9;588030023,3;591064178,6;594031770,5;596937742,2;599788678,1;602592452,8;605357648,8;608092761,4;610805178,9;613499934,6;616178250;618835841,5;621461020,2;624032555;626517326,2;628867749,7
BE.Comb (sqm);615851851,9;619414115,1;622351797,6;624796304,9;626851491,8;628597963,2;630097045,5;631394421,4;632523424,7;633508001,5;634365333,1;635108122,5;635746543,4;636289855;636747675,4;637130924,6;637452423,1;637727163,9;637972235,9;638206420,8;638449446,4;638720906,5;639038846,2;639418002,5;639867717,6;640389508,3;640974306,5;641599350,5;642224754,7;642789728,9;643208472,4
BG.Comb (sqm);304703200;305780313,7;306752737,4;307622308;308390871,2;309060281,1;309632400,3;310109100,2;310492260,7;310783770,3;310985526,1;311099434,1;311127408,7;311071373,2;310933259,3;310715007,9;310418568,2;310045898,5;309598965,6;309079745,4;308490222,2;307832389,7;307108249,8;306319813,8;305469101,7;304558142,3;303588973,4;302563641,8;301484203,1;300352722,1;299171272,4
CY.Comb (sqm);43547306;43611931,65;43718397,4;43856823,8;44019577,1;44200936,04;44396782,58;44604311,68;44821768,49;45048207,73;45283278,27;45527028,42;45779737,38;46041770,13;46313454,21;46594980,38;46886329,03;47187219,99;47497080,31;47815045,93;48139976,4;48470500,63;48805082,41;49142111,46;49480016,31;49817402,85;50153215,77;50486922,33;50818720,24;51149771,52;51482457,33
CZ.Comb (sqm);555320247,5;559212513,9;563134925;567087728,1;571071172,1;575085508,2;579130989,8;583207872,3;587316413,4;591456872,9;595629512,7;599834597,1;604072392,5;608343167,6;612647193,3;616984743;621356092,2;625761518,9;630201303,2;634675727,8;639185077,7;643729640,4;648309705,8;652925566,1;657577516,1;662265853,2;666990877,2;671752890,4;676552197,8;681389106,8;686263927,5
DK.Comb (sqm);423869000;426988028,4;429456601,4;431380650,6;432846943;433925991,1;434674747,8;435139080,8;435356026,4;435355825,4;435163738;434801644,3;434289414,6;433646074,9;432890740,5;432043336,9;431125098,3;430158851,1;429169070,7;428181726,9;427223904,1;426323204,8;425506933,5;424801061,1;424228967,5;423809971,6;423557632,5;423477838,6;423566676,5;423808075,8;424171238,7
EE.Comb (sqm);63904887,71;63671838,93;63406897,45;63117378,98;62809107,35;62486636,59;62153447,94;61812139,01;61464590,45;61112117,53;60755608,52;60395637,37;60032574,41;59666663,45;59298097,56;58927068,51;58553802,31;58178580,34;57801741,29;57423667,36;57044755,25;56665366,71;56285767,31;55906046;55526016,96;55145109,53;54762235,79;54375644,23;53982760,32;53580002,65;53162588,54
FI.Comb (sqm);415000000;412916499,8;410511999,8;407805499,8;404815999,8;401562499,8;398063999,8;394339499,8;390407999,8;386288499,8;382000000;377561499,8;372991999,8;368310499,8;363535999,8;358687499,8;353783999,8;348844499,8;343887999,8;338933499,8;334000000;329106499,8;324271999,8;319515499,8;314855999,8;310312499,8;305903999,8;301649499,8;297567999,8;293678499,8;290000000
FR.Comb (sqm);3608868252;3614982300;3619217801;3621643060;3622398118;3621670098;3619684157;3616673508;3612891960;3608559368;3603891932;3599067316;3594226524;3589483699;3584897664;3580497541;3576272043;3572174369;3568129247;3564055575;3559854664;3555444860;3550755992;3545766358;3540516838;3535115623;3529806617;3524926522;3521004452;3518746375;3519083235
DE.Comb (sqm);5723395178;5763180992;5792796135;5812364769;5825005699;5836368217;5833691628;5832623756;5829714912;5825483437;5817607101;5816025291;5811172325;5806619026;5802845741;5801251430;5796460060;5793582863;5790893562;5788147057;5792021409;5781713692;5777436073;5772607231;5767131462;5757828672;5752881203;5744877464;5735893379;5726670311;5720578088
EL.Comb (sqm);488913790;484340929,2;480535940,7;477452612,7;475042727,4;473254570,7;472036019,4;471332518,5;471089210,6;471251148,6;471762018,4;472567971,4;473614005;474848433,7;476220653,8;477682207,8;479187742,5;480695222,4;482166035,5;483566590,9;484866827,9;486042345,6;487075254,2;487951407,5;488665619,3;489218682,2;489618326,5;489880816,5;490030631,3;490100891;490134633,7
HU.Comb (sqm);406530000;410769457,6;415508506;420542348;425716589,7;430919704,8;436076039,8;441139367,2;446086979,2;450914332,2;455630230,3;456856155,7;457944885,5;458923528,6;459818521;460653522,1;461447856,9;462215501,9;462964616,1;463697615,9;464411795;464657206,8;464864561,8;465024978,9;465132339,8;465186631,3;465197829,5;465190331,8;465207930,2;465319331,2;465624219,9
IE.Comb (sqm);244116392,3;246306187,2;248327781,7;250168608,6;251822306,2;253287761,5;254568225;255670495,5;256604171,5;257380968,8;258014114;258517801,6;258906719,5;259195647,1;259399120,6;259531166,1;259605101,1;259633407,5;259627672;259598594,9;259556068;259509323;259467145,7;259438160,1;259431183,9;259455650,9;259522099,9;259642736,9;259832064,5;260107575,9;260490527,3
IT.Comb (sqm);2997239135;3001464090;3007128410;3014155866;3022469875;3031993501;3042649455;3054360095;3067047422;3080633083;3095038368;3110184211;3125991187;3142379514;3159269049;3176579290;3194229376;3212138082;3230223824;3248404652;3266598256;3284721960;3302692723;3320427139;3337841435;3354851474;3371372747;3387320379;3402609126;3417153374;3430867137
LV.Comb (sqm);80933333,33;82477889,43;83848562,94;85060085,9;86125132,57;87054625,1;87858018,22;88543558,29;89118522,32;89589433,5;89962253,62;90242553,82;90435660,74;90546782,57;90581110,34;90543897,29;90440517,24;90276495,05;90057522,39;89789442,52;89478219,9;89129880,58;88750434,31;88345772,33;87921543,78;87483006,01;87034857,02;86581041,4;86124534,84;85667107,96;85209063,69
LT.Comb (sqm);122150000;123349340,5;124146340,6;124617257,7;124825197,3;124821977,7;124649858,9;124343118,7;123929492,1;123431461;122867402,7;122252596;121600080,1;120921367;120227020,7;119527078,8;118831338,1;118149495,7;117491143;116865619;116281717,1;115747246;115268454,8;114849304,8;114490600,6;114188978,1;113935750,2;113715602,4;113505149,6;113271346,8;112969759,2
LU.Comb (sqm);17161819,55;17295934,76;17302597,88;17224282,53;17093285,15;16933291,95;16760830,03;16586601,49;16416692,29;16253675,58;16097586,71;15946787,4;15798705,81;15650467,85;15499398,19;15343418,68;15181316,44;15012898,04;14839030,98;14661559,77;14483110,35;14306774,43;14135670,61;13972401,04;13818377,6;13673036,35;13532935,02;13390726,23;13234022,17;13044134,91;12794704,08
MT.Comb (sqm);26272084;26177736,6;26014239,22;25845736,44;25533392,86;25327489,86;25088510,55;24941547,6;24855703,81;24815522,9;24883348,9;25043568,47;25264961,9;25578631,1;25922220,81;26217834,6;26621319,99;26992564,12;27238245,13;27576678,68;27712086;27769352,9;27670823,48;27447858,35;27194066,85;26784829,6;26329061,46;25826411,19;25509951,72;25316413,49;25431399,76
NL.Comb (sqm);1303000000;1314380633;1325431392;1336152278;1346543291;1356604430;1366335696;1375737089;1384808608;1393550253;1401962025;1410043924;1417795949;1425218101;1432310380;1439072785;1445505316;1451607975;1457380759;1462823671;1467936709;1472719873;1477173165;1481296582;1485090127;1488553797;1491687595;1494491519;1496965570;1499109747;1500924051
PL.Comb (sqm);1626418873;1653292664;1676736286;1697090358;1714639188;1729619569;1742228892;1752632601;1760970960;1767365164;1771922768;1774742443;1775918071;1775542155;1773708564;1770514606;1766062429;1760459749;1753819902;1746261235;1737905815;1728877466;1719299146;1709289636;1698959568;1688406780;1677710990;1666927814;1656082096;1645160576;1634103883
PT.Comb (sqm);541400000;541912857,2;542982404,6;544241322,7;545411331,3;546290665,4;546742394,5;546683584,7;546075319;544913549,1;543220799,2;541038722,8;538421491,8;535430040,8;532127156,6;528573409,2;524823937,2;520926064,4;516917782,4;512827060,9;508672012,1;504461905,9;500199017,4;495881337,5;491506112,8;487074243,2;482595521;478094714,9;473618504,1;469243253,7;465083636,4
RO.Comb (sqm);577050000;582554218,7;587327938;591559717,2;595372622,6;598839357,2;601995883;604853533;607409636,2;609656627,9;611589662;613212718,9;614543211,3;615615093,5;616480455,4;617209627,3;617889770,4;618621977,9;619516858,1;620688627,8;622247699,8;624291758,3;626895350,7;630097959;633890574,1;638200776,4;642876297,5;647667096,8;652205920,9;655987369,1;658345454
SK.Comb (sqm);256621349;261020358,9;265824883,6;270761581,7;275614949,1;280220163;284456358;288240332,8;291520697,4;294272442,5;296491955;298192459,2;299399894,5;300149226,3;300481191,6;300439471,9;300068313,2;299410564,5;298506157,4;297391024;296096437,7;294648794,7;293069828,1;291377253,1;289585852,3;287708984,7;285760535,1;283757299,3;281721795,3;279685514,3;277692600,9
SI.Comb (sqm);90830000;91012501,12;91166487,55;91294689,16;91399368,4;91482420,19;91545459,21;91589894,83;91616996,22;91627945,26;91623882,61;91605934,9;91575235,2;91532933,18;91480193,21;91418181,26;91348035,01;91270835,82;91187555,68;91099001,46;91005744,24;90908038,8;90805734,38;90698166,57;90584046,83;90461335,37;90327108,24;90177398,08;90007053,07;89809551,01;89576822,33
ES.Comb (sqm);2107530000;2116326129;2126334002;2136966474;2147710512;2158126046;2167844292;2176565545;2184056440;2190146680;2194725247;2197736063;2199173137;2199075177;2197519667;2194616418;2190500597;2185325206;2179253049;2172448162;2165066713;2157247370;2149101143;2140700695;2132069116;2123168181;2113886061;2104024519;2093285564;2081257585;2067400944
SE.Comb (sqm);645043181,8;649211415,4;653308506,2;657232895,9;660914846,8;664311397,9;667401692,4;670182675,6;672665166,6;674870301,5;676826348,6;678565894,9;680123404,7;681533150,6;682827517,6;684035675,7;685182627,8;686288628,6;687368975,3;688434168,9;689490449;690540702,8;691585739,4;692625944,2;693663298,7;694703774,4;695760102,2;696854906,9;698024219,9;699321361,1;700821190,7
UK.Comb (sqm);3568864569;3597641748;3624580576;3650910483;3677002620;3702276653;3727564181;3753269767;3778810264;3803972426;3828818125;3854015812;3879276644;3904401751;3929224015;3953861328;3978844101;4003568564;4028089285;4052185913;4076675742;4101083550;4125407295;4149645007;4173794802;4197854873;4221823500;4245699048;4269479969;4293164805;4316752192
HR.Comb (sqm);209573338,8;211330275,4;213479075;215555748,8;217563585,6;219505874,2;221385903,3;223206961,8;224972338,4;226685321,9;228349201;229967264,6;231542801,5;233079100,4;234579450,1;236047139,4;237485457;238897691,9;240287132,6;241657068,1;243010787;244351578,3;245682730,6;247007532,7;248329273,5;249651241,7;250976726;252309015,4;253651398,5;255007164,1;256379601
CH.Comb (sqm);708980400;714498610,8;719711414,9;724697053,4;729520359,6;734234260,3;738881201,4;743494484,9;748099517,7;752714970,1;757353858,7;762024533,8;766731579,1;771476635,1;776259121,5;781076887,6;785926767,5;790805049,4;795707859;800631463,3;805572471,6;810527971,1;815495556,1;820473286,3;825459545,9;830452826,3;835451419,3;840453017,7;845454236,9;850450050,2;855433129,5
NO.Comb (sqm);399574578,1;403667319,2;408030470,7;412075811,8;416095428,8;419781617,1;423161732,3;426262190,8;429108432;431724875,9;434134878,7;436360695,3;438423440,7;440343024,5;442856192,6;445269771,6;447599413,2;449859491;452063029,6;454221655,8;456345520,4;458443250,7;460521865,9;462586720,6;465150332,2;467709374,5;470263735,7;472811340,5;475348053,3;477867597,2;480361458,7
Europe.Comb (sqm);28704391493;28875518479;29030422923;29168957458;29294407822;29411559034;29508271710;29600749774;29685067986;29761710743;29828757054;29893726340;29950424620;30002663931;30051826961;30099076272;30140153928;30179848198;30216795384;30251136948;30290416089;30313351059;30340773050;30366344011;30390731386;30410209508;30433118099;30451986529;30469025489;30484726668;30502385438
AUS.Resi (sqm);1996558584;2031200691;2065979127;2100893892;2135944988;2171132413;2206456167;2241916251;2277512665;2313245408;2349114481;2385119883;2421261615;2457539676;2493954068;2530504788;2567191839;2604015218;2640974928;2678070967;2715303336;2752672034;2790177062;2827818419;2865596106;2903510123;2941560469;2979747145;3018070150;3056529485;3095125150
BRA.Resi (sqm);4690679089;4787382172;4884994279;4983515412;5082945570;5183284753;5284532961;5386690194;5489756453;5593731737;5698616046;5804409380;5911111739;6018723124;6127243533;6236672968;6347011428;6458258913;6570415423;6683480959;6797455519;6912339105;7028131716;7144833352;7262444013;7380963700;7500392412;7620730148;7741976910;7864132698;7987197510
CAN.Resi (sqm);2483848126;2530134771;2576183716;2621994961;2667568505;2712904348;2758002491;2802862934;2847485676;2891870717;2936018059;2979927699;3023599639;3067033879;3110230418;3153189257;3195910395;3238393833;3280639570;3322647607;3364417944;3405950579;3447245515;3488302750;3529122284;3569704118;3610048252;3650154685;3690023418;3729654450;3769047781
CHI.Resi (sqm);51949616273;53462528095;54966044927;56470051873;57969730891;59457560804;60922317277;62365072971;63779697379;65154106837;66497264586;67796680803;69066912496;70291563577;71467534818;72605773897;73686525366;74742580638;75762278106;76750252934;77705187189;78638309889;79545146870;80433770898;81311051589;82166655415;83009545832;83851983079;84665524299;85461273588;86233881840
HK.Resi (sqm);113474324,6;114234117,5;114911672,2;115536275,9;116153557,7;116794789,4;117468239,7;118158468,5;118843976,4;119493236,4;120083396,3;120608803;121075741;121488419,9;121854462,2;122180573,1;122467369;122714369;122926474,1;123109247,2;123267905,1;123405048,7;123522602,6;123623904,3;123712201,3;123790019,3;123859448,1;123922321,9;123979602,9;124032313,5;124080919,6
IND.Resi (sqm);16419100142;16795534169;17205777703;17649830743;18127693289;18639365342;19184846901;19764137966;20377238538;21024148616;21704868200;22419397291;23167735888;23949883991;24765841601;25615608717;26499185340;27416571469;28367767104;29352772245;30371586893;31424211047;32510644708;33630887875;34784940548;35972802727;37194474413;38449955606;39739246304;41062346509;42419256220
JAP.Resi (sqm);5010684140;5051251306;5088636984;5122974799;5154398379;5183041349;5209037336;5232519966;5253622864;5272479657;5289223971;5303989433;5316909667;5328118301;5337748962;5345935273;5352810863;5358509357;5363164382;5366909562;5369878525;5372204897;5374022304;5375464372;5376664727;5377756995;5378874803;5380151777;5381721542;5383717725;5386273952
MAL.Resi (sqm);928869022,1;949534726,4;970523659,6;991835821,7;1013471213;1035429832;1057711681;1080316758;1103245065;1126496600;1150071364;1173969357;1198190579;1222735029;1247602709;1272793617;1298307754;1324145120;1350305715;1376789539;1403596591;1430726873;1458180383;1485957122;1514057090;1542480287;1571226713;1600296367;1629689250;1659405363;1689444704
MEX.Resi (sqm);1158350857;1182231429;1206336482;1230666016;1255220032;1279998529;1305001508;1330228968;1355680909;1381357332;1407258236;1433383622;1459733488;1486307837;1513106666;1540129977;1567377769;1594850043;1622546798;1650468035;1678613752;1706983952;1735578632;1764397794;1793441437;1822709562;1852202168;1881919256;1911860824;1942026875;1972417406
NZL.Resi (sqm);229931956,1;233921484,6;237926713,3;241947642,3;245984271,6;250036601,2;254104631,1;258188361,2;262287791,7;266402922,4;270533753,4;274680284,6;278842516,2;283020448;287214080,1;291423412,5;295648445,2;299889178,1;304145611,3;308417744,9;312705578,6;317009112,7;321328347,1;325663281,7;330013916,6;334380251,8;338762287,2;343160023;347573459;352002595,3;356447431,9
PHI.Resi (sqm);1664049730;1701071913;1738673155;1776853455;1815612812;1854951227;1894868700;1935365231;1976440820;2018095467;2060329171;2103141933;2146533753;2190504631;2235054567;2280183561;2325891612;2372178721;2419044888;2466490113;2514514396;2563117737;2612300135;2662061591;2712402106;2763321678;2814820307;2866897995;2919554740;2972790544;3026605405
SGP.Resi (sqm);129626442,5;130865865,5;131909332,7;132810965,6;133648430,1;134479779,2;135322594,7;136163575,6;136991495,7;137784164,6;138524765,1;139214476,5;139860680,9;140462199;141017305,4;141525366,6;141985465,4;142397492,5;142761076,7;143075999,5;143342523,1;143560560;143730700;143855520,3;143937008,4;143977282,9;143978375;143940677,7;143864737,2;143750378,6;143598148,1
KOR.Resi (sqm);1636184717;1649431486;1661639375;1672852017;1683113047;1692466099;1700954808;1708622806;1715513730;1721671211;1727138886;1731960388;1736179351;1739839409;1742984197;1745657349;1747902498;1749763280;1751283328;1752506276;1753475759;1754235410;1754828865;1755299756;1755691719;1756048388;1756413396;1756830378;1757342968;1757994800;1758829508
USA.Resi (sqm);22915826587;23342864266;23767708935;24190360595;24610819245;25029084885;25445157516;25859037138;26270723749;26680217351;27087517944;27492625526;27895540100;28296261663;28694790217;29091125761;29485268296;29877217821;30266974337;30654537842;31039908339;31423085825;31804070302;32182861769;32559460227;32933865675;33306078114;33676097543;34043923962;34409557371;34772997771
AUS.CRE (sqm);120472494,6;122562801,9;124661335,3;126768094,9;128883080,6;131006292,5;133137730,4;135277394,6;137425284,8;139581401,2;141745743,8;143918312,5;146099107,3;148288128,2;150485375,3;152690848,5;154904547,9;157126473,4;159356625;161595002,8;163841606,7;166096436,8;168359493;170630775,3;172910283,8;175198018,4;177493979,1;179798166;182110579;184431218,2;186760083,4
BRA.CRE (sqm);521186565,5;531931352,4;542777142,1;553723934,7;564771730;575920528,1;587170329;598521132,7;609972939,2;621525748,5;633179560,6;644934375,5;656790193,2;668747013,7;680804837;692963663,1;705223492;717584323,7;730046158,1;742608995,4;755272835,5;768037678,3;780903524;793870372,5;806938223,7;820107077,8;833376934,6;846747794,3;860219656,7;873792522;887466390
CAN.CRE (sqm);868409796,5;884592660,5;900692419;916709071,9;932642619,4;948493061,4;964260397,9;979944628,9;995545754,4;1011063774;1026498689;1041850498;1057119201;1072304800;1087407292;1102426679;1117362961;1132216137;1146986207;1161673172;1176277032;1190797786;1205235435;1219589978;1233861416;1248049748;1262154974;1276177096;1290116111;1303972021;1317744826
CHI.CRE (sqm);16962106368;17244023805;17494648189;17704094420;17877180537;18021427717;18148060298;18256005614;18351394177;18446309648;18531788787;18620321416;18697350529;18779272212;18869185694;18956143297;19059900469;19147665796;19231100886;19305570576;19372392797;19420338531;19453881944;19464950268;19446673889;19409386332;19344124144;19238627085;19121338012;19004048938;18886759865
HK.CRE (sqm);46348667,81;46659005,73;46935753,44;47190873,24;47443002,46;47704913,98;47979985,25;48261909,66;48541905,86;48807096,57;49048147,77;49262750,53;49453471,68;49622030,67;49771540,88;49904741,11;50021883,12;50122770,43;50209404,92;50284058,7;50348862,63;50404879,06;50452894,03;50494270,78;50530335,73;50562120,54;50590478,79;50616159,64;50639556,11;50662952,58;50686349,05
IND.CRE (sqm);1241600793;1270066469;1301088796;1334667775;1370803404;1409495684;1450744616;1494550198;1540912432;1589831316;1641306852;1695339039;1751927877;1811073366;1872775506;1937034297;2003849739;2073221832;2145150576;2219635972;2296678018;2376276715;2458432064;2543144064;2630412714;2720238016;2812619969;2907558573;3005053827;3105105733;3207714290
JAP.CRE (sqm);1872690003;1887851550;1901824050;1914657444;1926401674;1937106680;1946822404;1955598787;1963485771;1970533298;1976791307;1982309742;1987138542;1991327650;1994927007;1997986555;2000556233;2002685985;2004425751;2005825472;2006935091;2007804548;2008483784;2009022742;2009471362;2009879585;2010297354;2010774609;2011361292;2012107345;2013062707
MAL.CRE (sqm);272919821,8;278991808,5;285158766,2;291420694,7;297777594,2;304229464,7;310776306,1;317418118,4;324154901,6;330986655,8;337913381;344935077;352051744;359263382;366569990,9;373971570,7;381468121,4;389059643,1;396746135,7;404527599,3;412404033,8;420375439,2;428441815,6;436603162,9;444859481,2;453210770,4;461657030,5;470198261,5;478834463,5;487565636,5;496391780,3
MEX.CRE (sqm);223043199,9;227641460,5;232282945,6;236967655;241695588,9;246466747,2;251281129,9;256138737;261039568,6;265983624,6;270970905;276001409,8;281075139;286192092,7;291352270,8;296555673,3;301802300,2;307092151,5;312425227,3;317801527,5;323221052,1;328683801,1;334189774,5;339738972,4;345331394,7;350967041,4;356645912,5;362368008;368133328;373941872,4;379793641,2
NZL.CRE (sqm);41356680,21;42074256,21;42794656,14;43517879,99;44243927,78;44972799,49;45704495,13;46439014,71;47176358,21;47916525,63;48659516,99;49405332,28;50153971,49;50905434,64;51659721,71;52416832,71;53176767,64;53939526,5;54705109,28;55473516;56244746,64;57018801,22;57795679,72;58575382,15;59357908,51;60143258,8;60931433,02;61722431,16;62516253,24;63312899,24;64112369,17
PHI.CRE (sqm);577795045;590649970;603705956,7;616963005,1;630421115,3;644080287,3;657940521;672001816,4;686264173,6;700727592,6;715392073,3;730257615,7;745324219,9;760591885,8;776060613,5;791730403;807601254,2;823673167,1;839946141,8;856420178,2;873095276,4;889971436,4;907048658;924326941,5;941806286,7;959486693,6;977368162,3;995450692,7;1013734285;1032218939;1050904654
SGP.CRE (sqm);63999655,76;64611588,36;65126772,9;65571930,48;65985406,62;66395863,42;66811981,48;67227193,73;67635957,56;68027317,08;68392969,13;68733496,02;69052542,51;69349526,3;69623595,5;69874437,4;70101599,11;70305026,69;70484536,85;70640021,73;70771610,75;70879260,77;70963262,94;71024889,69;71065122,31;71085006,77;71085545,94;71066933,91;71029440,25;70991946,6;70954452,95
KOR.CRE (sqm);1085888283;1094679779;1102781801;1110223306;1117033254;1123240603;1128874312;1133963340;1138536646;1142623187;1146251924;1149451815;1152251818;1154680893;1156767997;1158542090;1160032131;1161267077;1162275889;1163087524;1163730942;1164235101;1164628959;1164941476;1165201611;1165438321;1165680566;1165957305;1166297496;1166730098;1167284070
USA.CRE (sqm);8950163947;9116950741;9282881017;9447954777;9612172019;9775532745;9938036953;10099684644;10260475819;10420410476;10579488617;10737710240;10895075346;11051583935;11207236008;11362031563;11515970601;11669053122;11821279126;11972648613;12123161584;12272818037;12421617973;12569561392;12716648294;12862878678;13008252546;13152769897;13296430731;13439235048;13581182848
AUS.Comb (sqm);2117031079;2153763493;2190640462;2227661987;2264828068;2302138705;2339593897;2377193646;2414937949;2452826809;2490860224;2529038195;2567360722;2605827805;2644439443;2683195637;2722096386;2761141692;2800331553;2839665970;2879144942;2918768471;2958536555;2998449194;3038506390;3078708141;3119054448;3159545311;3200180729;3240960703;3281885233
BRA.Comb (sqm);5211865655;5319313524;5427771421;5537239347;5647717300;5759205281;5871703290;5985211327;6099729392;6215257485;6331795606;6449343755;6567901932;6687470137;6808048370;6929636631;7052234920;7175843237;7300461581;7426089954;7552728355;7680376783;7809035240;7938703725;8069382237;8201070778;8333769346;8467477943;8602196567;8737925220;8874663900
CAN.Comb (sqm);3352257923;3414727432;3476876135;3538704033;3600211124;3661397410;3722262889;3782807563;3843031430;3902934492;3962516747;4021778197;4080718841;4139338679;4197637710;4255615936;4313273356;4370609970;4427625778;4484320780;4540694976;4596748366;4652480950;4707892728;4762983700;4817753866;4872203226;4926331780;4980139529;5033626471;5086792607
CHI.Comb (sqm);68911722641;70706551899;72460693117;74174146293;75846911428;77478988522;79070377574;80621078586;82131091556;83600416485;85029053373;86417002219;87764263025;89070835789;90336720512;91561917194;92746425835;93890246434;94993378993;96055823510;97077579986;98058648420;98999028814;99898721166;1,00758E+11;1,01576E+11;1,02354E+11;1,03091E+11;1,03787E+11;1,04465E+11;1,05121E+11
HK.Comb (sqm);159822992,5;160893123,2;161847425,7;162727149,1;163596560,2;164499703,4;165448225;166420378,1;167385882,3;168300333;169131544;169871553,5;170529212,7;171110450,6;171626003;172085314,2;172489252,2;172837139,4;173135879;173393305,9;173616767,7;173809927,8;173975496,6;174118175,1;174242537;174352139,8;174449926,9;174538481,5;174619159;174695266;174767268,7
IND.Comb (sqm);17660700935;18065600638;18506866499;18984498517;19498496693;20048861026;20635591516;21258688164;21918150969;22613979932;23346175052;24114736330;24919663765;25760957357;26638617107;27552643014;28503035079;29489793301;30512917680;31572408217;32668264911;33800487763;34969076772;36174031938;37415353262;38693040743;40007094382;41357514178;42744300132;44167452243;45626970511
JAP.Comb (sqm);6883374143;6939102856;6990461034;7037632244;7080800053;7120148029;7155859740;7188118753;7217108635;7243012955;7266015278;7286299174;7304048210;7319445952;7332675969;7343921828;7353367097;7361195342;7367590132;7372735035;7376813616;7380009445;7382506088;7384487114;7386136089;7387636581;7389172157;7390926386;7393082834;7395825070;7399336660
MAL.Comb (sqm);1201788844;1228526535;1255682426;1283256516;1311248807;1339659297;1368487987;1397734877;1427399966;1457483256;1487984745;1518904434;1550242323;1581998411;1614172699;1646765188;1679775876;1713204763;1747051851;1781317138;1816000625;1851102312;1886622199;1922560285;1958916571;1995691057;2032883743;2070494629;2108523714;2146970999;2185836484
MEX.Comb (sqm);1381394057;1409872889;1438619428;1467633671;1496915621;1526465277;1556282638;1586367705;1616720478;1647340957;1678229141;1709385031;1740808627;1772499929;1804458937;1836685650;1869180070;1901942195;1934972025;1968269562;2001834805;2035667753;2069768407;2104136767;2138772832;2173676603;2208848081;2244287264;2279994152;2315968747;2352211047
NZL.Comb (sqm);271288636,3;275995740,8;280721369,4;285465522,3;290228199,4;295009400,7;299809126,2;304627376;309464149,9;314319448;319193270,4;324085616,9;328996487,7;333925882,6;338873801,8;343840245,2;348825212,8;353828704,6;358850720,6;363891260,9;368950325,3;374027913,9;379124026,8;384238663,8;389371825,1;394523510,6;399693720,3;404882454,1;410089712,2;415315494,6;420559801,1
PHI.Comb (sqm);2241844775;2291721883;2342379112;2393816460;2446033927;2499031515;2552809221;2607367048;2662704994;2718823059;2775721244;2833399549;2891857973;2951096517;3011115181;3071913964;3133492866;3195851888;3258991030;3322910292;3387609673;3453089173;3519348793;3586388533;3654208392;3722808371;3792188470;3862348688;3933289025;4005009483;4077510059
SGP.Comb (sqm);193626098,3;195477453,9;197036105,6;198382896;199633836,7;200875642,6;202134576,2;203390769,3;204627453,2;205811481,7;206917734,3;207947972,5;208913223,4;209811725,3;210640900,9;211399804;212087064,5;212702519,2;213245613,5;213716021,2;214114133,8;214439820,8;214693963;214880410;215002130,7;215062289,7;215063920,9;215007611,6;214894177,4;214742325,2;214552601
KOR.Comb (sqm);2722073000;2744111265;2764421175;2783075323;2800146301;2815706702;2829829120;2842586146;2854050375;2864294399;2873390811;2881412203;2888431169;2894520302;2899752194;2904199439;2907934629;2911030357;2913559217;2915593800;2917206700;2918470511;2919457824;2920241233;2920893330;2921486709;2922093962;2922787683;2923640464;2924724898;2926113578
USA.Comb (sqm);31865990534;32459815006;33050589952;33638315372;34222991264;34804617630;35383194469;35958721782;36531199568;37100627828;37667006560;38230335766;38790615446;39347845599;39902026225;40453157324;41001238897;41546270943;42088253463;42627186456;43163069922;43695903862;44225688275;44752423161;45276108521;45796744354;46314330660;46828867440;47340354693;47848792420;48354180619